Resource,Path,Git Org,Git Repository,Misconfigurations,Policy title,Guideline
aws_security_group_rule.endpoints_ingress_https,/secure/main.tf,cli_repo,terraform,CKV_AWS_23,Ensure every security group and rule has a description,https://docs.prismacloud.io/en/enterprise-edition/policy-reference/aws-policies/aws-networking-policies/networking-31
aws_iam_role_policy.ec2_minimal,/secure/main.tf,cli_repo,terraform,CKV_AWS_290,Ensure IAM policies does not allow write access without constraints,https://docs.prismacloud.io/en/enterprise-edition/policy-reference/aws-policies/aws-iam-policies/bc-aws-290
aws_iam_role_policy.ec2_minimal,/secure/main.tf,cli_repo,terraform,CKV_AWS_355,"Ensure no IAM policies documents allow ""*"" as a statement's resource for restrictable actions",https://docs.prismacloud.io/en/enterprise-edition/policy-reference/aws-policies/aws-iam-policies/bc-aws-355
aws_instance.app,/secure/main.tf,cli_repo,terraform,CKV_AWS_126,Ensure that detailed monitoring is enabled for EC2 instances,https://docs.prismacloud.io/en/enterprise-edition/policy-reference/aws-policies/aws-logging-policies/ensure-that-detailed-monitoring-is-enabled-for-ec2-instances
aws_instance.app,/secure/main.tf,cli_repo,terraform,CKV_AWS_135,Ensure that EC2 is EBS optimized,https://docs.prismacloud.io/en/enterprise-edition/policy-reference/aws-policies/aws-general-policies/ensure-that-ec2-is-ebs-optimized
aws_instance.app,/secure/main.tf,cli_repo,terraform,CKV_AWS_79,Ensure Instance Metadata Service Version 1 is not enabled,https://docs.prismacloud.io/en/enterprise-edition/policy-reference/aws-policies/aws-general-policies/bc-aws-general-31
aws_lb.alb,/secure/main.tf,cli_repo,terraform,CKV_AWS_131,Ensure that ALB drops HTTP headers,https://docs.prismacloud.io/en/enterprise-edition/policy-reference/aws-policies/aws-networking-policies/ensure-that-alb-drops-http-headers
aws_lb.alb,/secure/main.tf,cli_repo,terraform,CKV_AWS_91,Ensure the ELBv2 (Application/Network) has access logging enabled,https://docs.prismacloud.io/en/enterprise-edition/policy-reference/aws-policies/aws-logging-policies/bc-aws-logging-22
aws_lb.alb,/secure/main.tf,cli_repo,terraform,CKV_AWS_150,Ensure that Load Balancer has deletion protection enabled,https://docs.prismacloud.io/en/enterprise-edition/policy-reference/aws-policies/aws-general-policies/bc-aws-150
aws_db_instance.mysql,/secure/main.tf,cli_repo,terraform,CKV_AWS_226,Ensure DB instance gets all minor upgrades automatically,https://docs.prismacloud.io/en/enterprise-edition/policy-reference/aws-policies/aws-general-policies/ensure-aws-db-instance-gets-all-minor-upgrades-automatically
aws_db_instance.mysql,/secure/main.tf,cli_repo,terraform,CKV_AWS_118,Ensure that enhanced monitoring is enabled for Amazon RDS instances,https://docs.prismacloud.io/en/enterprise-edition/policy-reference/aws-policies/aws-logging-policies/ensure-that-enhanced-monitoring-is-enabled-for-amazon-rds-instances
aws_db_instance.mysql,/secure/main.tf,cli_repo,terraform,CKV_AWS_161,Ensure RDS database has IAM authentication enabled,https://docs.prismacloud.io/en/enterprise-edition/policy-reference/aws-policies/aws-iam-policies/ensure-rds-database-has-iam-authentication-enabled
aws_db_instance.mysql,/secure/main.tf,cli_repo,terraform,CKV_AWS_129,Ensure that respective logs of Amazon Relational Database Service (Amazon RDS) are enabled,https://docs.prismacloud.io/en/enterprise-edition/policy-reference/aws-policies/aws-iam-policies/ensure-that-respective-logs-of-amazon-relational-database-service-amazon-rds-are-enabled
aws_db_instance.mysql,/secure/main.tf,cli_repo,terraform,CKV_AWS_293,Ensure that AWS database instances have deletion protection enabled,https://docs.prismacloud.io/en/enterprise-edition/policy-reference/aws-policies/aws-general-policies/bc-aws-293
aws_cloudtrail.main,/secure/main.tf,cli_repo,terraform,CKV_AWS_252,Ensure CloudTrail defines an SNS Topic,https://docs.prismacloud.io/en/enterprise-edition/policy-reference/aws-policies/aws-general-policies/ensure-aws-cloudtrail-defines-an-sns-topic
aws_cloudtrail.main,/secure/main.tf,cli_repo,terraform,CKV_AWS_35,Ensure CloudTrail logs are encrypted at rest using KMS CMKs,https://docs.prismacloud.io/en/enterprise-edition/policy-reference/aws-policies/aws-logging-policies/logging-7
aws_subnet.public,/vulnerable/main.tf,cli_repo,terraform,CKV_AWS_130,Ensure VPC subnets do not assign public IP by default,https://docs.prismacloud.io/en/enterprise-edition/policy-reference/aws-policies/aws-networking-policies/ensure-vpc-subnets-do-not-assign-public-ip-by-default
aws_security_group.ec2_open,/vulnerable/main.tf,cli_repo,terraform,CKV_AWS_24,Ensure no security groups allow ingress from 0.0.0.0:0 to port 22,https://docs.prismacloud.io/en/enterprise-edition/policy-reference/aws-policies/aws-networking-policies/networking-1-port-security
aws_security_group.ec2_open,/vulnerable/main.tf,cli_repo,terraform,CKV_AWS_260,Ensure no security groups allow ingress from 0.0.0.0:0 to port 80,https://docs.prismacloud.io/en/enterprise-edition/policy-reference/aws-policies/aws-networking-policies/ensure-aws-security-groups-do-not-allow-ingress-from-00000-to-port-80
aws_security_group.ec2_open,/vulnerable/main.tf,cli_repo,terraform,CKV_AWS_382,Ensure no security groups allow egress from 0.0.0.0:0 to port -1,https://docs.prismacloud.io/en/enterprise-edition/policy-reference/aws-policies/aws-networking-policies/bc-aws-382
aws_security_group.ec2_open,/vulnerable/main.tf,cli_repo,terraform,CKV_AWS_23,Ensure every security group and rule has a description,https://docs.prismacloud.io/en/enterprise-edition/policy-reference/aws-policies/aws-networking-policies/networking-31
aws_iam_role_policy_attachment.admin,/vulnerable/main.tf,cli_repo,terraform,CKV_AWS_274,"Disallow IAM roles, users, and groups from using the AWS AdministratorAccess policy",https://docs.prismacloud.io/en/enterprise-edition/policy-reference/aws-policies/aws-iam-policies/bc-aws-274
aws_instance.app,/vulnerable/main.tf,cli_repo,terraform,CKV_AWS_126,Ensure that detailed monitoring is enabled for EC2 instances,https://docs.prismacloud.io/en/enterprise-edition/policy-reference/aws-policies/aws-logging-policies/ensure-that-detailed-monitoring-is-enabled-for-ec2-instances
aws_instance.app,/vulnerable/main.tf,cli_repo,terraform,CKV_AWS_135,Ensure that EC2 is EBS optimized,https://docs.prismacloud.io/en/enterprise-edition/policy-reference/aws-policies/aws-general-policies/ensure-that-ec2-is-ebs-optimized
aws_instance.app,/vulnerable/main.tf,cli_repo,terraform,CKV_AWS_79,Ensure Instance Metadata Service Version 1 is not enabled,https://docs.prismacloud.io/en/enterprise-edition/policy-reference/aws-policies/aws-general-policies/bc-aws-general-31
aws_instance.app,/vulnerable/main.tf,cli_repo,terraform,CKV_AWS_8,Ensure all data stored in the Launch configuration or instance Elastic Blocks Store is securely encrypted,https://docs.prismacloud.io/en/enterprise-edition/policy-reference/aws-policies/aws-general-policies/general-13
aws_s3_bucket_public_access_block.dossiers,/vulnerable/main.tf,cli_repo,terraform,CKV_AWS_54,Ensure S3 bucket has block public policy enabled,https://docs.prismacloud.io/en/enterprise-edition/policy-reference/aws-policies/s3-policies/bc-aws-s3-20
aws_s3_bucket_public_access_block.dossiers,/vulnerable/main.tf,cli_repo,terraform,CKV_AWS_53,Ensure S3 bucket has block public ACLS enabled,https://docs.prismacloud.io/en/enterprise-edition/policy-reference/aws-policies/s3-policies/bc-aws-s3-19
aws_s3_bucket_public_access_block.dossiers,/vulnerable/main.tf,cli_repo,terraform,CKV_AWS_55,Ensure S3 bucket has ignore public ACLs enabled,https://docs.prismacloud.io/en/enterprise-edition/policy-reference/aws-policies/s3-policies/bc-aws-s3-21
aws_s3_bucket_public_access_block.dossiers,/vulnerable/main.tf,cli_repo,terraform,CKV_AWS_56,Ensure S3 bucket has 'restrict_public_buckets' enabled,https://docs.prismacloud.io/en/enterprise-edition/policy-reference/aws-policies/s3-policies/bc-aws-s3-22
aws_security_group.rds_open,/vulnerable/main.tf,cli_repo,terraform,CKV_AWS_382,Ensure no security groups allow egress from 0.0.0.0:0 to port -1,https://docs.prismacloud.io/en/enterprise-edition/policy-reference/aws-policies/aws-networking-policies/bc-aws-382
aws_security_group.rds_open,/vulnerable/main.tf,cli_repo,terraform,CKV_AWS_23,Ensure every security group and rule has a description,https://docs.prismacloud.io/en/enterprise-edition/policy-reference/aws-policies/aws-networking-policies/networking-31
aws_db_instance.mysql,/vulnerable/main.tf,cli_repo,terraform,CKV_AWS_226,Ensure DB instance gets all minor upgrades automatically,https://docs.prismacloud.io/en/enterprise-edition/policy-reference/aws-policies/aws-general-policies/ensure-aws-db-instance-gets-all-minor-upgrades-automatically
aws_db_instance.mysql,/vulnerable/main.tf,cli_repo,terraform,CKV_AWS_157,Ensure that RDS instances have Multi-AZ enabled,https://docs.prismacloud.io/en/enterprise-edition/policy-reference/aws-policies/aws-general-policies/general-73
aws_db_instance.mysql,/vulnerable/main.tf,cli_repo,terraform,CKV_AWS_118,Ensure that enhanced monitoring is enabled for Amazon RDS instances,https://docs.prismacloud.io/en/enterprise-edition/policy-reference/aws-policies/aws-logging-policies/ensure-that-enhanced-monitoring-is-enabled-for-amazon-rds-instances
aws_db_instance.mysql,/vulnerable/main.tf,cli_repo,terraform,CKV_AWS_133,Ensure that RDS instances has backup policy,https://docs.prismacloud.io/en/enterprise-edition/policy-reference/aws-policies/aws-general-policies/ensure-that-rds-instances-have-backup-policy
aws_db_instance.mysql,/vulnerable/main.tf,cli_repo,terraform,CKV_AWS_161,Ensure RDS database has IAM authentication enabled,https://docs.prismacloud.io/en/enterprise-edition/policy-reference/aws-policies/aws-iam-policies/ensure-rds-database-has-iam-authentication-enabled
aws_db_instance.mysql,/vulnerable/main.tf,cli_repo,terraform,CKV_AWS_17,Ensure all data stored in RDS is not publicly accessible,https://docs.prismacloud.io/en/enterprise-edition/policy-reference/aws-policies/public-policies/public-2
aws_db_instance.mysql,/vulnerable/main.tf,cli_repo,terraform,CKV_AWS_129,Ensure that respective logs of Amazon Relational Database Service (Amazon RDS) are enabled,https://docs.prismacloud.io/en/enterprise-edition/policy-reference/aws-policies/aws-iam-policies/ensure-that-respective-logs-of-amazon-relational-database-service-amazon-rds-are-enabled
aws_db_instance.mysql,/vulnerable/main.tf,cli_repo,terraform,CKV_AWS_16,Ensure all data stored in the RDS is securely encrypted at rest,https://docs.prismacloud.io/en/enterprise-edition/policy-reference/aws-policies/aws-general-policies/general-4
aws_db_instance.mysql,/vulnerable/main.tf,cli_repo,terraform,CKV_AWS_293,Ensure that AWS database instances have deletion protection enabled,https://docs.prismacloud.io/en/enterprise-edition/policy-reference/aws-policies/aws-general-policies/bc-aws-293
aws_db_instance.mysql,/secure/main.tf,cli_repo,terraform,CKV2_AWS_60,Ensure RDS instance with copy tags to snapshots is enabled,https://docs.prismacloud.io/en/enterprise-edition/policy-reference/aws-policies/aws-general-policies/bc-aws-2-60
aws_db_instance.mysql,/vulnerable/main.tf,cli_repo,terraform,CKV2_AWS_60,Ensure RDS instance with copy tags to snapshots is enabled,https://docs.prismacloud.io/en/enterprise-edition/policy-reference/aws-policies/aws-general-policies/bc-aws-2-60
aws_lb_target_group.app,/secure/main.tf,cli_repo,terraform,CKV_AWS_378,Ensure AWS Load Balancer doesn't use HTTP protocol,https://docs.prismacloud.io/en/enterprise-edition/policy-reference/aws-policies/aws-networking-policies/bc-aws-378
aws_s3_bucket.dossiers,/secure/main.tf,cli_repo,terraform,CKV2_AWS_62,Ensure S3 buckets should have event notifications enabled,https://docs.prismacloud.io/en/enterprise-edition/policy-reference/aws-policies/aws-logging-policies/bc-aws-2-62
aws_s3_bucket.cloudtrail_logs,/secure/main.tf,cli_repo,terraform,CKV2_AWS_62,Ensure S3 buckets should have event notifications enabled,https://docs.prismacloud.io/en/enterprise-edition/policy-reference/aws-policies/aws-logging-policies/bc-aws-2-62
aws_s3_bucket.dossiers,/vulnerable/main.tf,cli_repo,terraform,CKV2_AWS_62,Ensure S3 buckets should have event notifications enabled,https://docs.prismacloud.io/en/enterprise-edition/policy-reference/aws-policies/aws-logging-policies/bc-aws-2-62
aws_vpc.main,/secure/main.tf,cli_repo,terraform,CKV2_AWS_11,Ensure VPC flow logging is enabled in all VPCs,https://docs.prismacloud.io/en/enterprise-edition/policy-reference/aws-policies/aws-logging-policies/logging-9-enable-vpc-flow-logging
aws_vpc.main,/vulnerable/main.tf,cli_repo,terraform,CKV2_AWS_11,Ensure VPC flow logging is enabled in all VPCs,https://docs.prismacloud.io/en/enterprise-edition/policy-reference/aws-policies/aws-logging-policies/logging-9-enable-vpc-flow-logging
aws_s3_bucket.dossiers,/secure/main.tf,cli_repo,terraform,CKV_AWS_144,Ensure that S3 bucket has cross-region replication enabled,https://docs.prismacloud.io/en/enterprise-edition/policy-reference/aws-policies/aws-general-policies/ensure-that-s3-bucket-has-cross-region-replication-enabled
aws_s3_bucket.cloudtrail_logs,/secure/main.tf,cli_repo,terraform,CKV_AWS_144,Ensure that S3 bucket has cross-region replication enabled,https://docs.prismacloud.io/en/enterprise-edition/policy-reference/aws-policies/aws-general-policies/ensure-that-s3-bucket-has-cross-region-replication-enabled
aws_s3_bucket.dossiers,/vulnerable/main.tf,cli_repo,terraform,CKV_AWS_144,Ensure that S3 bucket has cross-region replication enabled,https://docs.prismacloud.io/en/enterprise-edition/policy-reference/aws-policies/aws-general-policies/ensure-that-s3-bucket-has-cross-region-replication-enabled
aws_cloudtrail.main,/secure/main.tf,cli_repo,terraform,CKV2_AWS_10,Ensure CloudTrail trails are integrated with CloudWatch Logs,https://docs.prismacloud.io/en/enterprise-edition/policy-reference/aws-policies/aws-logging-policies/ensure-cloudtrail-trails-are-integrated-with-cloudwatch-logs
aws_kms_key.main,/secure/main.tf,cli_repo,terraform,CKV2_AWS_64,Ensure KMS key Policy is defined,https://docs.prismacloud.io/en/enterprise-edition/policy-reference/aws-policies/aws-iam-policies/bc-aws-2-64
aws_s3_bucket.dossiers,/secure/main.tf,cli_repo,terraform,CKV_AWS_21,Ensure all data stored in the S3 bucket have versioning enabled,https://docs.prismacloud.io/en/enterprise-edition/policy-reference/aws-policies/s3-policies/s3-16-enable-versioning
aws_s3_bucket.cloudtrail_logs,/secure/main.tf,cli_repo,terraform,CKV_AWS_21,Ensure all data stored in the S3 bucket have versioning enabled,https://docs.prismacloud.io/en/enterprise-edition/policy-reference/aws-policies/s3-policies/s3-16-enable-versioning
aws_s3_bucket.dossiers,/vulnerable/main.tf,cli_repo,terraform,CKV_AWS_21,Ensure all data stored in the S3 bucket have versioning enabled,https://docs.prismacloud.io/en/enterprise-edition/policy-reference/aws-policies/s3-policies/s3-16-enable-versioning
aws_s3_bucket.cloudtrail_logs,/secure/main.tf,cli_repo,terraform,CKV_AWS_145,Ensure that S3 buckets are encrypted with KMS by default,https://docs.prismacloud.io/en/enterprise-edition/policy-reference/aws-policies/aws-general-policies/ensure-that-s3-buckets-are-encrypted-with-kms-by-default
aws_s3_bucket.dossiers,/vulnerable/main.tf,cli_repo,terraform,CKV_AWS_145,Ensure that S3 buckets are encrypted with KMS by default,https://docs.prismacloud.io/en/enterprise-edition/policy-reference/aws-policies/aws-general-policies/ensure-that-s3-buckets-are-encrypted-with-kms-by-default
aws_vpc.main,/secure/main.tf,cli_repo,terraform,CKV2_AWS_12,Ensure the default security group of every VPC restricts all traffic,https://docs.prismacloud.io/en/enterprise-edition/policy-reference/aws-policies/aws-networking-policies/networking-4
aws_vpc.main,/vulnerable/main.tf,cli_repo,terraform,CKV2_AWS_12,Ensure the default security group of every VPC restricts all traffic,https://docs.prismacloud.io/en/enterprise-edition/policy-reference/aws-policies/aws-networking-policies/networking-4
aws_lb.alb,/secure/main.tf,cli_repo,terraform,CKV2_AWS_28,Ensure public facing ALB are protected by WAF,https://docs.prismacloud.io/en/enterprise-edition/policy-reference/aws-policies/aws-networking-policies/ensure-public-facing-alb-are-protected-by-waf
aws_s3_bucket.dossiers,/secure/main.tf,cli_repo,terraform,CKV_AWS_18,Ensure the S3 bucket has access logging enabled,https://docs.prismacloud.io/en/enterprise-edition/policy-reference/aws-policies/s3-policies/s3-13-enable-logging
aws_s3_bucket.cloudtrail_logs,/secure/main.tf,cli_repo,terraform,CKV_AWS_18,Ensure the S3 bucket has access logging enabled,https://docs.prismacloud.io/en/enterprise-edition/policy-reference/aws-policies/s3-policies/s3-13-enable-logging
aws_s3_bucket.dossiers,/vulnerable/main.tf,cli_repo,terraform,CKV_AWS_18,Ensure the S3 bucket has access logging enabled,https://docs.prismacloud.io/en/enterprise-edition/policy-reference/aws-policies/s3-policies/s3-13-enable-logging
aws_s3_bucket.dossiers,/secure/main.tf,cli_repo,terraform,CKV2_AWS_61,Ensure that an S3 bucket has a lifecycle configuration,https://docs.prismacloud.io/en/enterprise-edition/policy-reference/aws-policies/aws-logging-policies/bc-aws-2-61
aws_s3_bucket.cloudtrail_logs,/secure/main.tf,cli_repo,terraform,CKV2_AWS_61,Ensure that an S3 bucket has a lifecycle configuration,https://docs.prismacloud.io/en/enterprise-edition/policy-reference/aws-policies/aws-logging-policies/bc-aws-2-61
aws_s3_bucket.dossiers,/vulnerable/main.tf,cli_repo,terraform,CKV2_AWS_61,Ensure that an S3 bucket has a lifecycle configuration,https://docs.prismacloud.io/en/enterprise-edition/policy-reference/aws-policies/aws-logging-policies/bc-aws-2-61
aws_s3_bucket.dossiers,/vulnerable/main.tf,cli_repo,terraform,CKV2_AWS_6,Ensure that S3 bucket has a Public Access block,https://docs.prismacloud.io/en/enterprise-edition/policy-reference/aws-policies/aws-networking-policies/s3-bucket-should-have-public-access-blocks-defaults-to-false-if-the-public-access-block-is-not-attached
